{
	"info": {
		"_postman_id": "ed86dd2a-8118-4eed-8142-32428b11c430",
		"name": "SingerHub-API-Backend",
		"description": "API yang telah dibuat adalah sebuah RESTful API yang digunakan untuk melakukan operasi otentikasi pengguna (Register, Login, Logout) dan operasi pembaruan profil pengguna.  \nDokumentasi ini memberikan gambaran tentang API, protokol yang digunakan, endpoint-endpointnya, dan instruksi untuk menguji endpoint-endpoint tersebut menggunakan \\`POSTMAN\\`.",
		"schema": "https://schema.getpostman.com/json/collection/v2.1.0/collection.json",
		"_exporter_id": "20240322",
		"_collection_link": "https://crimson-meteor-286265.postman.co/workspace/fa951aa7-7621-4290-8e9e-56ea28be3b3a/collection/20240322-ed86dd2a-8118-4eed-8142-32428b11c430?action=share&creator=20240322&source=collection_link"
	},
	"item": [
		{
			"name": "Authentication",
			"item": [
				{
					"name": "Login",
					"request": {
						"method": "POST",
						"header": [],
						"body": {
							"mode": "raw",
							"raw": "{\r\n  \"email\": \"ridwan@singerhub.com\",\r\n  \"password\": \"password123\"\r\n}",
							"options": {
								"raw": {
									"language": "json"
								}
							}
						},
						"url": {
							"raw": "http://localhost:8000/login",
							"protocol": "http",
							"host": [
								"localhost"
							],
							"port": "8000",
							"path": [
								"login"
							]
						}
					},
					"response": []
				},
				{
					"name": "Logout",
					"request": {
						"method": "POST",
						"header": [],
						"body": {
							"mode": "raw",
							"raw": "{\r\n    \"uid\": \"i2szDRgzE0OkrlMbSK5aBMsMY2u2\"\r\n}",
							"options": {
								"raw": {
									"language": "json"
								}
							}
						},
						"url": {
							"raw": "http://localhost:8000/logout",
							"protocol": "http",
							"host": [
								"localhost"
							],
							"port": "8000",
							"path": [
								"logout"
							]
						}
					},
					"response": []
				},
				{
					"name": "Register",
					"request": {
						"method": "POST",
						"header": [],
						"body": {
							"mode": "raw",
							"raw": "{\r\n    \"email\": \"ridwan@singerhub.com\",\r\n    \"password\": \"password123\",\r\n    \"name\": \"Rachman Ridwan\",\r\n    \"phone_number\": \"21312312\",\r\n    \"experience\": \"5 years\",\r\n    \"skills\": \"Electric Guitar, Kalimba, Keyboard\",\r\n    \"country\": \"Malaysia\",\r\n    \"date_of_birth\": \"1990-01-01\"\r\n}",
							"options": {
								"raw": {
									"language": "json"
								}
							}
						},
						"url": {
							"raw": "http://localhost:8000/register",
							"protocol": "http",
							"host": [
								"localhost"
							],
							"port": "8000",
							"path": [
								"register"
							]
						}
					},
					"response": []
				},
				{
					"name": "Register v2",
					"request": {
						"method": "POST",
						"header": [],
						"body": {
							"mode": "raw",
							"raw": "{\r\n  \"email\": \"ridwan@singerhub.com\",\r\n  \"password\": \"password123\",\r\n  \"register_data\": {\r\n    \"id\": \"8G9K6S\",\r\n    \"nama_lengkap\": \"Rachman Ridwan\",\r\n    \"umur\": 25,\r\n    \"jenis_kelamin\": \"Laki-laki\",\r\n    \"daerah_asal\": \"Jakarta\",\r\n    \"pengalaman_bernyanyi\": 5,\r\n    \"genre_musik\": \"Pop\",\r\n    \"keterampilan_alat_musik\": \"Gitar\",\r\n    \"alamat_tempat_tinggal\": \"Jl. Cendrawasih No. 12, Jakarta Pusat\",\r\n    \"latitude\": -6.18819,\r\n    \"longitude\": 106.82497\r\n  }\r\n}",
							"options": {
								"raw": {
									"language": "json"
								}
							}
						},
						"url": {
							"raw": "http://localhost:8000/register",
							"protocol": "http",
							"host": [
								"localhost"
							],
							"port": "8000",
							"path": [
								"register"
							]
						}
					},
					"response": []
				},
				{
					"name": "Register v3 | Account Auth UID",
					"request": {
						"method": "POST",
						"header": [],
						"body": {
							"mode": "raw",
							"raw": "{\r\n  \"email\": \"ridwan@singerhub.com\",\r\n  \"password\": \"password123\",\r\n  \"nama_lengkap\": \"Rachman Ridwan\"\r\n}",
							"options": {
								"raw": {
									"language": "json"
								}
							}
						},
						"url": {
							"raw": "http://localhost:8000/register-account",
							"protocol": "http",
							"host": [
								"localhost"
							],
							"port": "8000",
							"path": [
								"register-account"
							]
						}
					},
					"response": []
				},
				{
					"name": "Register v3 | User Data by UID",
					"request": {
						"method": "POST",
						"header": [],
						"body": {
							"mode": "raw",
							"raw": "{\r\n  \"id\": \"XOXOXO\",\r\n  \"nama_lengkap\": \"Rachman Ridwan\",\r\n  \"umur\": 25,\r\n  \"jenis_kelamin\": \"Laki-laki\",\r\n  \"daerah_asal\": \"Jakarta\",\r\n  \"pengalaman_bernyanyi\": 5,\r\n  \"genre_musik\": \"Pop\",\r\n  \"keterampilan_alat_musik\": \"Gitar\",\r\n  \"alamat_tempat_tinggal\": \"Jl. Cendrawasih No. 12, Jakarta Pusat\",\r\n  \"latitude\": -6.18819,\r\n  \"longitude\": 106.82497\r\n}",
							"options": {
								"raw": {
									"language": "json"
								}
							}
						},
						"url": {
							"raw": "http://localhost:8000/register-data/i2szDRgzE0OkrlMbSK5aBMsMY2u2",
							"protocol": "http",
							"host": [
								"localhost"
							],
							"port": "8000",
							"path": [
								"register-data",
								"i2szDRgzE0OkrlMbSK5aBMsMY2u2"
							]
						}
					},
					"response": []
				},
				{
					"name": "Register v3 | User Data without Auth",
					"request": {
						"method": "POST",
						"header": [],
						"body": {
							"mode": "raw",
							"raw": "{\r\n  \"id\": \"B2C3R1\",\r\n  \"nama_lengkap\": \"Ani Wahyuni\",\r\n  \"umur\": 30,\r\n  \"jenis_kelamin\": \"Perempuan\",\r\n  \"daerah_asal\": \"Bandung\",\r\n  \"pengalaman_bernyanyi\": 8,\r\n  \"genre_musik\": \"Jazz\",\r\n  \"keterampilan_alat_musik\": \"Piano\",\r\n  \"alamat_tempat_tinggal\": \"Jl. Melati Indah No. 45, Bekasi\",\r\n  \"latitude\": -6.23356,\r\n  \"longitude\": 107.00085\r\n}",
							"options": {
								"raw": {
									"language": "json"
								}
							}
						},
						"url": {
							"raw": "http://localhost:8000/register-data-without-auth",
							"protocol": "http",
							"host": [
								"localhost"
							],
							"port": "8000",
							"path": [
								"register-data-without-auth"
							]
						}
					},
					"response": []
				},
				{
					"name": "Update Profile",
					"request": {
						"method": "PUT",
						"header": [],
						"body": {
							"mode": "raw",
							"raw": "{\r\n    \"name\": \"R. Ridwan\",\r\n    \"phone_number\": \"08210310231\",\r\n    \"experience\": \"10 tahun\",\r\n    \"skills\": \"Pop, Rock, Indie\",\r\n    \"country\": \"Indonesia\",\r\n    \"date_of_birth\": \"2002-09-29\"\r\n}\r\n",
							"options": {
								"raw": {
									"language": "json"
								}
							}
						},
						"url": {
							"raw": "http://localhost:8000/update-profile/qKI1sOY174UkhrhetEY1nCk0yCK2",
							"protocol": "http",
							"host": [
								"localhost"
							],
							"port": "8000",
							"path": [
								"update-profile",
								"qKI1sOY174UkhrhetEY1nCk0yCK2"
							]
						}
					},
					"response": []
				},
				{
					"name": "Update Profile v2 by UID",
					"request": {
						"method": "PUT",
						"header": [],
						"body": {
							"mode": "raw",
							"raw": "{\r\n  \"id\": \"8G9K6S\",\r\n  \"nama_lengkap\": \"Budi Santoso\",\r\n  \"umur\": 25,\r\n  \"jenis_kelamin\": \"Laki-laki\",\r\n  \"daerah_asal\": \"Jakarta\",\r\n  \"pengalaman_bernyanyi\": 5,\r\n  \"genre_musik\": \"Pop\",\r\n  \"keterampilan_alat_musik\": \"Gitar\",\r\n  \"alamat_tempat_tinggal\": \"Jl. Cendrawasih No. 12, Jakarta Pusat\",\r\n  \"latitude\": -6.18819,\r\n  \"longitude\": 106.82497\r\n}\r\n",
							"options": {
								"raw": {
									"language": "json"
								}
							}
						},
						"url": {
							"raw": "http://localhost:8000/update-profile/qKI1sOY174UkhrhetEY1nCk0yCK2",
							"protocol": "http",
							"host": [
								"localhost"
							],
							"port": "8000",
							"path": [
								"update-profile",
								"qKI1sOY174UkhrhetEY1nCk0yCK2"
							]
						}
					},
					"response": []
				},
				{
					"name": "Update Profile v2 by ID",
					"request": {
						"method": "PUT",
						"header": [],
						"body": {
							"mode": "raw",
							"raw": "{\r\n  \"alamat_tempat_tinggal\": \"Jl. Raya Bekasi No. 26, Bekasi, Jawa Barat\",\r\n  \"daerah_asal\": \"Jakarta\",\r\n  \"genre_musik\": \"Rock\",\r\n  \"jenis_kelamin\": \"Wanita\",\r\n  \"keterampilan_alat_musik\": \"Drum\",\r\n  \"latitude\": -6233027,\r\n  \"longitude\": 106993847,\r\n  \"nama_lengkap\": \"Nadia Permata\",\r\n  \"pengalaman_bernyanyi\": 1,\r\n  \"umur\": 21\r\n}",
							"options": {
								"raw": {
									"language": "json"
								}
							}
						},
						"url": {
							"raw": "http://localhost:8000/update-profile-by-id/07d5c76",
							"protocol": "http",
							"host": [
								"localhost"
							],
							"port": "8000",
							"path": [
								"update-profile-by-id",
								"07d5c76"
							]
						}
					},
					"response": []
				},
				{
					"name": "Get User Data by ID",
					"protocolProfileBehavior": {
						"disableBodyPruning": true
					},
					"request": {
						"method": "GET",
						"header": [],
						"body": {
							"mode": "raw",
							"raw": "{\r\n  \"alamat_tempat_tinggal\": \"Jl. Raya Bekasi No. 26, Bekasi, Jawa Barat\",\r\n  \"daerah_asal\": \"Jakarta\",\r\n  \"genre_musik\": \"Rock\",\r\n  \"jenis_kelamin\": \"Wanita\",\r\n  \"keterampilan_alat_musik\": \"Drum\",\r\n  \"latitude\": -6233027,\r\n  \"longitude\": 106993847,\r\n  \"nama_lengkap\": \"Nadia Permata\",\r\n  \"pengalaman_bernyanyi\": 1,\r\n  \"umur\": 21\r\n}",
							"options": {
								"raw": {
									"language": "json"
								}
							}
						},
						"url": {
							"raw": "http://localhost:8000/get-user-data?id=07d5c76",
							"protocol": "http",
							"host": [
								"localhost"
							],
							"port": "8000",
							"path": [
								"get-user-data"
							],
							"query": [
								{
									"key": "id",
									"value": "07d5c76"
								}
							]
						}
					},
					"response": []
				},
				{
					"name": "Get User Data by UID",
					"protocolProfileBehavior": {
						"disableBodyPruning": true
					},
					"request": {
						"method": "GET",
						"header": [],
						"body": {
							"mode": "raw",
							"raw": "{\r\n  \"alamat_tempat_tinggal\": \"Jl. Raya Bekasi No. 26, Bekasi, Jawa Barat\",\r\n  \"daerah_asal\": \"Jakarta\",\r\n  \"genre_musik\": \"Rock\",\r\n  \"jenis_kelamin\": \"Wanita\",\r\n  \"keterampilan_alat_musik\": \"Drum\",\r\n  \"latitude\": -6233027,\r\n  \"longitude\": 106993847,\r\n  \"nama_lengkap\": \"Nadia Permata\",\r\n  \"pengalaman_bernyanyi\": 1,\r\n  \"umur\": 21\r\n}",
							"options": {
								"raw": {
									"language": "json"
								}
							}
						},
						"url": {
							"raw": "http://localhost:8000/get-user-data?uid=i2szDRgzE0OkrlMbSK5aBMsMY2u2",
							"protocol": "http",
							"host": [
								"localhost"
							],
							"port": "8000",
							"path": [
								"get-user-data"
							],
							"query": [
								{
									"key": "uid",
									"value": "i2szDRgzE0OkrlMbSK5aBMsMY2u2"
								}
							]
						}
					},
					"response": []
				}
			]
		}
	]
}